{
	"format_version": "1.8.0",
	"animations": {
		"move.fly": {
			"loop": true,
			"animation_length": 0.3564,
			"bones": {
				"bone": {
					"rotation": {
						"0.0": {
							"vector": [-27.5, 0, 0]
						},
						"0.125": {
							"vector": [-35, 0, 0]
						},
						"0.1667": {
							"vector": [-25, 0, 0]
						},
						"0.25": {
							"vector": [-15, 0, 0]
						},
						"0.375": {
							"vector": [-27.5, 0, 0]
						}
					},
					"position": {
						"0.0": {
							"vector": [0, 0, 0]
						},
						"0.125": {
							"vector": [0, -1, 0]
						},
						"0.1667": {
							"vector": [0, 0, 0]
						},
						"0.25": {
							"vector": [0, 0.5, 0]
						},
						"0.375": {
							"vector": [0, 0, 0]
						}
					}
				},
				"bone2": {
					"rotation": {
						"0.0": {
							"vector": [0, 0, -12.5]
						},
						"0.125": {
							"vector": [0, 0, -72.5]
						},
						"0.1667": {
							"vector": [34.98247, -0.85481, -15.15059]
						},
						"0.25": {
							"vector": [12.54671, -28.10299, 52.64987]
						},
						"0.2917": {
							"vector": [22.60408, -38.6136, 16.61801]
						},
						"0.3333": {
							"vector": [29.15076, -3.62495, -29.99903]
						},
						"0.375": {
							"vector": [22.5, 0, -12.5]
						}
					},
					"position": {
						"0.0": {
							"vector": [0, 0, 0]
						},
						"0.375": {
							"vector": [0, 0, 0]
						}
					}
				},
				"bone3": {
					"rotation": {
						"0.0": {
							"vector": [0, 0, 12.5]
						},
						"0.125": {
							"vector": [0, 0, 70]
						},
						"0.1667": {
							"vector": [35, 0, 10]
						},
						"0.25": {
							"vector": [17.81484, 28.2227, -48.43703]
						},
						"0.2917": {
							"vector": [26.77111, 35.34921, -13.56292]
						},
						"0.3333": {
							"vector": [30.94571, 1.8661, 28.39245]
						},
						"0.375": {
							"vector": [25, 0, 12.5]
						}
					},
					"position": {
						"0.0": {
							"vector": [0, 0, 0]
						},
						"0.375": {
							"vector": [0, 0, 0]
						}
					}
				}
			}
		},
		"misc.idle": {
			"loop": true,
			"bones": {
				"bone2": {
					"rotation": {
						"vector": [0, 0, -35]
					}
				},
				"bone3": {
					"rotation": {
						"vector": [0, 0, 35]
					}
				}
			}
		}
	},
	"geckolib_format_version": 2
}