{
	"format_version": "1.8.0",
	"animations": {
		"perch_press_button": {
			"loop": "loop",
			"animation_length": 2,
			"bones": {
				"body": {
					"rotation": {
						"0.0": {
							"vector": [0, 0, 0]
						},
						"0.1667": {
							"vector": [7.5, 0, 0]
						},
						"0.25": {
							"vector": [12.5, 0, 0]
						},
						"0.375": {
							"vector": [15, 0, 0]
						},
						"0.5": {
							"vector": [-15, 0, 0]
						},
						"0.625": {
							"vector": [-12.5, 0, 0]
						},
						"1.0": {
							"vector": [5, 0, 0]
						},
						"1.5": {
							"vector": [0, 0, 0]
						}
					},
					"position": {
						"vector": [0, 0, 0]
					}
				},
				"torso": {
					"rotation": {
						"vector": [0, 0, 0]
					},
					"position": {
						"vector": [0, 0, 0]
					}
				},
				"head": {
					"rotation": {
						"0.0": {
							"vector": [0, 0, 0]
						},
						"0.1667": {
							"vector": [-3.3472, 2.98109, -3.71202]
						},
						"0.25": {
							"vector": [6.6528, 2.98109, -3.71202]
						},
						"0.375": {
							"vector": [9.1528, 2.98109, -3.71202]
						},
						"0.5": {
							"vector": [19.1528, 2.98109, -3.71202]
						},
						"0.625": {
							"vector": [14.1528, 2.98109, -3.71202]
						},
						"1.0": {
							"vector": [-33.30075, 0.89205, -2.33788]
						},
						"1.875": {
							"vector": [0, 0.89, 0]
						}
					},
					"position": {
						"vector": [0, 0, 0]
					}
				},
				"right_arm": {
					"rotation": {
						"0.0": {
							"vector": [0, 0, 0]
						},
						"0.1667": {
							"vector": [-97.74949, -39.0365, 5.46969]
						},
						"0.25": {
							"vector": [-70.21934, -26.26, -17.61731]
						},
						"0.375": {
							"vector": [-69.94373, -26.03722, -11.66959]
						},
						"0.5": {
							"vector": [-77.78394, -30.06062, -7.27809]
						},
						"0.625": {
							"vector": [-97.24225, -34.18203, -3.39278]
						},
						"1.0": {
							"vector": [-135.44519, -21.96337, -0.5196]
						},
						"1.5": {
							"vector": [-132.94519, -21.96337, -0.5196]
						}
					},
					"position": {
						"0.0": {
							"vector": [0, 0, 0]
						},
						"0.375": {
							"vector": [0, 0, -2]
						},
						"0.5": {
							"vector": [0, 0, 0]
						},
						"0.625": {
							"vector": [0, 0, 0]
						}
					}
				},
				"left_arm": {
					"rotation": {
						"0.0": {
							"vector": [0, 0, 0]
						},
						"0.1667": {
							"vector": [0, 0, -12.5]
						},
						"0.25": {
							"vector": [5, 0, -17.5]
						},
						"0.375": {
							"vector": [9.99527, -0.21782, -15.0095]
						},
						"0.5": {
							"vector": [-81.16157, 34.15433, 1.40462]
						},
						"0.625": {
							"vector": [-96.8109, 31.25251, 4.73189]
						},
						"1.0": {
							"vector": [-135.60571, 27.4226, -2.21973]
						},
						"1.5": {
							"vector": [-133.10571, 27.4226, -2.21973]
						}
					},
					"position": {
						"vector": [0, 0, 0]
					}
				},
				"right_leg": {
					"rotation": {
						"0.0": {
							"vector": [0, 0, 0]
						},
						"0.1667": {
							"vector": [-7.5, 0, 0]
						},
						"0.25": {
							"vector": [-12.5, 0, 0]
						},
						"0.375": {
							"vector": [-15, 0, 0]
						},
						"0.5": {
							"vector": [15, 0, 0]
						},
						"0.625": {
							"vector": [12.5, 0, 0]
						},
						"1.5": {
							"vector": [7.39638, -1.61888, 7.32417]
						},
						"1.875": {
							"vector": [-28.12608, -4.3066, 7.91697]
						}
					},
					"position": {
						"vector": [0, 0, 0]
					}
				},
				"left_leg": {
					"rotation": {
						"0.0": {
							"vector": [0, 0, 0]
						},
						"0.1667": {
							"vector": [-7.5, 0, 0]
						},
						"0.25": {
							"vector": [-12.5, 0, 0]
						},
						"0.375": {
							"vector": [-15, 0, 0]
						},
						"0.5": {
							"vector": [15, 0, 0]
						},
						"0.625": {
							"vector": [12.5, 0, 0]
						},
						"1.5": {
							"vector": [5.44349, 4.45281, -7.84094]
						},
						"1.875": {
							"vector": [-28.12608, 4.3066, -7.91697]
						}
					},
					"position": {
						"vector": [0, 0, 0]
					}
				}
			}
		}
	},
	"geckolib_format_version": 2
}